[{"Code":"02Q","Description":"Titan Airways"},{"Code":"04Q","Description":"Tradewind Aviation"},{"Code":"05Q","Description":"Comlux Aviation, AG"},{"Code":"06Q","Description":"Master Top Linhas Aereas Ltd."},{"Code":"07Q","Description":"Flair Airlines Ltd."},{"Code":"09Q","Description":"Swift Air, LLC"},{"Code":"0BQ","Description":"DCA"},{"Code":"0CQ","Description":"ACM AIR CHARTER GmbH"},{"Code":"0FQ","Description":"Maine Aviation Aircraft Charter, LLC"},{"Code":"0GQ","Description":"Inter Island Airways, d/b/a Inter Island Air"},{"Code":"0HQ","Description":"Polar Airlines de Mexico d/b/a Nova Air"},{"Code":"0J","Description":"JetClub AG"},{"Code":"0JQ","Description":"Vision Airlines"},{"Code":"0KQ","Description":"Mokulele Flight Services, Inc."},{"Code":"0LQ","Description":"Metropix UK, LLP."},{"Code":"0MQ","Description":"Multi-Aero, Inc. d/b/a Air Choice One"},{"Code":"0Q","Description":"Flying Service N.V."},{"Code":16,"Description":"PSA Airlines Inc."},{"Code":17,"Description":"Piedmont Airlines"},{"Code":"1I","Description":"Sky Trek Int'l Airlines"},{"Code":"2E","Description":"Smokey Bay Air Inc."},{"Code":"2F","Description":"Frontier Flying Service"},{"Code":"2M","Description":"Midway Express Airlines"},{"Code":"2O","Description":"Island Air Service"},{"Code":"2R","Description":"Regal Air"},{"Code":"2T","Description":"Canada 3000 Airlines Ltd."},{"Code":"2U","Description":"Valley Air Express Inc."},{"Code":37,"Description":"Zeal 320"},{"Code":"3C","Description":"Regions Air, Inc."},{"Code":"3F","Description":"Pacific Airways, Inc."},{"Code":"3M","Description":"Gulfstream Int"},{"Code":"3Z","Description":"Tatonduk Flying Service"},{"Code":"4B","Description":"Olson Air Service"},{"Code":"4E","Description":"Tanana Air Service"},{"Code":"4E (1)","Description":"British Airtours Limited"},{"Code":"4H","Description":"Belize Trans Air"},{"Code":"4M","Description":"LAN Argentina"},{"Code":"4M (1)","Description":"Lan Dominica"},{"Code":"4N","Description":"Air North"},{"Code":"4R","Description":"Regent Air Corporation"},{"Code":"4S","Description":"Sol Air (Aero Hunduras)"},{"Code":"4S (1)","Description":"Conner Air Lines Inc."},{"Code":"4T","Description":"Belair Airlines Ltd."},{"Code":"4W","Description":"Warbelow"},{"Code":"4Y","Description":"Yute Air Aka Flight Alaska"},{"Code":"5B","Description":"Bellair Inc."},{"Code":"5C","Description":"C.A.L Cargo Airlines"},{"Code":"5D","Description":"Aerolitoral"},{"Code":"5F","Description":"Arctic Circle Air Service"},{"Code":"5G","Description":"Skyservice Airlines, Inc."},{"Code":"5G (1)","Description":"Queen Air"},{"Code":"5J","Description":"Private Jet Expeditions"},{"Code":"5X","Description":"United Parcel Service"},{"Code":"5Y","Description":"Atlas Air Inc."},{"Code":"6A","Description":"Aviacsa Airlines"},{"Code":"6B","Description":"Britannia Airways A.B."},{"Code":"6C","Description":"Cape Smythe Air Service"},{"Code":"6F","Description":"Laker Airways Inc."},{"Code":"6H","Description":"Israir Airlines"},{"Code":"6P","Description":"Pacific East Air Inc."},{"Code":"6R","Description":"Aerounion Aerotransporte de Carga Union SA de CV"},{"Code":"6U","Description":"Air Ukraine"},{"Code":"6Y","Description":"Nicaraguense De Aviacion Sa"},{"Code":"7B","Description":"Krasair"},{"Code":"7F","Description":"First Air"},{"Code":"7G","Description":"MK Airlines Ltd."},{"Code":"7G (1)","Description":"Bellair Inc. (1)"},{"Code":"7H","Description":"Era Aviation"},{"Code":"7M","Description":"Aeromonterrey S.A."},{"Code":"7N","Description":"Inland Aviation Services"},{"Code":"7P","Description":"Apa International Air S.A."},{"Code":"7S","Description":"Arctic Transportation"},{"Code":"7S (1)","Description":"Skystar International Inc."},{"Code":"7Z","Description":"Lb Limited"},{"Code":"8C","Description":"Air Transport International"},{"Code":"8D","Description":"Servant Air Inc."},{"Code":"8E","Description":"Bering Air Inc."},{"Code":"8F","Description":"Wilburs Inc."},{"Code":"8J","Description":"Jetall Airways"},{"Code":"8L","Description":"Servicio Aereo Leo Lopez"},{"Code":"8N","Description":"Flagship Airlines Inc."},{"Code":"8Q","Description":"Baker Aviation Inc."},{"Code":"8R","Description":"Edelweiss Air Ag"},{"Code":"8V","Description":"Wright Air Service"},{"Code":"9E","Description":"Pinnacle Airlines Inc."},{"Code":"9J","Description":"Pacific Island Aviation"},{"Code":"9K","Description":"Cape Air"},{"Code":"9L","Description":"Colgan Air"},{"Code":"9M","Description":"Central Mountain Air"},{"Code":"9N","Description":"ANA & JP Express Co. Ltd."},{"Code":"9R","Description":"Flagship Express Services"},{"Code":"9S","Description":"Southern Air Inc."},{"Code":"9T","Description":"TravelspanGT, Inc. S.A."},{"Code":"9V","Description":"Avior Airlines, C.A."},{"Code":"9W","Description":"Jet Airways (India) Limited"},{"Code":"A0","Description":"Elysair d/b/a L'Avion"},{"Code":"A2","Description":"Cielos De Peru"},{"Code":"A4","Description":"Southern Wind Airlines"},{"Code":"A7","Description":"Air Comet S.A."},{"Code":"A7 (1)","Description":"Air 21"},{"Code":"AA","Description":"American Airlines Inc."},{"Code":"AAA","Description":"Associated Aviation Act."},{"Code":"AAB","Description":"Antilles Air Boats Inc."},{"Code":"AAE","Description":"AAA Airlines"},{"Code":"AAI","Description":"Audi Air Inc."},{"Code":"AAL","Description":"Argosy Air Lines Inc."},{"Code":"AAP","Description":"Armstrong Air Service Inc."},{"Code":"AAQ","Description":"Advance Air Charters"},{"Code":"AAR","Description":"Altair Airlines Inc."},{"Code":"AAT","Description":"Air Sunshine Inc."},{"Code":"AAV","Description":"Alpine Air"},{"Code":"AAZ","Description":"Alaska Aeronautical Indust."},{"Code":"ABH","Description":"Air Bahia"},{"Code":"ABI","Description":"Airbama Incorporated"},{"Code":"ABO","Description":"Aeronaves Boringuena Inc."},{"Code":"ABX","Description":"Abx Air, Inc."},{"Code":"AC","Description":"Air Canada"},{"Code":"ACA","Description":"Alaska Central Airways Inc."},{"Code":"ACD","Description":"Academy Airlines"},{"Code":"ACG","Description":"Air Cargo Express Inc."},{"Code":"ACH","Description":"Island Airlines Hawaii Inc."},{"Code":"ACI","Description":"AAA-Action Air Carrier Inc."},{"Code":"ACJ","Description":"Atlantic Coast Jet Inc."},{"Code":"ACK","Description":"Air Central Inc."},{"Code":"ACL","Description":"Check-Air Inc."},{"Code":"ACN","Description":"Alliance Airlines"},{"Code":"ACO","Description":"Air Cargo Enterprises Inc."},{"Code":"ACP","Description":"Air Chaparral Inc."},{"Code":"ACQ","Description":"Aeronautica De Cancun"},{"Code":"ACS","Description":"Alamo Commuter Airlines"},{"Code":"ACT","Description":"Air Central Inc. (1)"},{"Code":"ACW","Description":"Transwest Air Express"},{"Code":"AD","Description":"Avia Leasing Company"},{"Code":"ADQ","Description":"Aeronaves Del Peru"},{"Code":"ADR","Description":"Adirondack Airlines"},{"Code":"ADV","Description":"Advantage Airlines"},{"Code":"AE","Description":"Air Europe Limited"},{"Code":"AEC","Description":"Astec Air East Inc."},{"Code":"AED","Description":"Air East Of Delaware Inc."},{"Code":"AEF","Description":"Aero Freight"},{"Code":"AEO","Description":"Aero Coach"},{"Code":"AEQ","Description":"Air Caravane Inc."},{"Code":"AEX","Description":"Air Excursions LLC"},{"Code":"AF","Description":"Compagnie Nat'l Air France"},{"Code":"AFA","Description":"American Flag Airlines Inc."},{"Code":"AFE","Description":"Air Florida Express"},{"Code":"AFG","Description":"American Flight Group"},{"Code":"AFQ","Description":"Aero B Venezuela C.A."},{"Code":"AFS","Description":"Arcata Flying Service"},{"Code":"AGA","Description":"Air Cargo America Inc."},{"Code":"AGQ","Description":"Argo S. A."},{"Code":"AHA","Description":"Air Alpha"},{"Code":"AHC","Description":"Air Hawaii"},{"Code":"AHQ","Description":"Air National"},{"Code":"AI","Description":"Air-India"},{"Code":"AIA","Description":"All Island Air"},{"Code":"AIC","Description":"Air Caribbean"},{"Code":"AIE","Description":"Air Express Inc."},{"Code":"AIG","Description":"Airgo Inc."},{"Code":"AIK","Description":"Air Ketchum Idaho Inc."},{"Code":"AIM","Description":"Air Mont. Inc."},{"Code":"AIN","Description":"Air Indiana"},{"Code":"AIQ","Description":"Norontair"},{"Code":"AIT","Description":"Airways International"},{"Code":"AIY","Description":"Alliance Air"},{"Code":"AJ","Description":"Air Micronesia Inc."},{"Code":"AJQ","Description":"Aerodynamics Inc."},{"Code":"AKQ","Description":"Airmark Airlines Inc."},{"Code":"AL","Description":"Skyway Airlines"},{"Code":"ALD","Description":"Allied Airlines"},{"Code":"ALE","Description":"Air-Lift Associates Inc."},{"Code":"ALI","Description":"Brandt Air"},{"Code":"ALK","Description":"Air Link Airways"},{"Code":"ALL","Description":"All Seasons Air Pacific"},{"Code":"ALQ","Description":"Alberta Northern Airlines"},{"Code":"ALS","Description":"Air L.A."},{"Code":"ALT","Description":"Altus Airlines"},{"Code":"ALU","Description":"Aleutian Air"},{"Code":"ALX","Description":"Atlanta Express"},{"Code":"AM","Description":"Aeromexico"},{"Code":"AMA","Description":"North American Airlines Inc."},{"Code":"AME","Description":"Americair Inc."},{"Code":"AMI","Description":"American Inter-Island Inc."},{"Code":"AMQ","Description":"Ameristar Air Cargo"},{"Code":"AMR","Description":"AvAir"},{"Code":"AMT","Description":"American Air Transport"},{"Code":"ANB","Description":"Air Nebraska Inc."},{"Code":"ANC","Description":"Atlantic Air"},{"Code":"AND","Description":"Southcentral Air Inc."},{"Code":"ANI","Description":"Dash Air Corporation"},{"Code":"ANM","Description":"Airways Of New Mexico Inc."},{"Code":"ANO","Description":"Metro Air Northeast Vermont"},{"Code":"ANT","Description":"Air North/Nenana"},{"Code":"AO","Description":"Aviacion Y Comercio S.A."},{"Code":"AOI","Description":"Trans New York"},{"Code":"AON","Description":"Action Airlines"},{"Code":"AOQ","Description":"Aerovias S.A."},{"Code":"AOR","Description":"Air New Orleans"},{"Code":"APE","Description":"Air Cape"},{"Code":"APH","Description":"Alpha Air"},{"Code":"API","Description":"Arizona Pacific Inc."},{"Code":"APL","Description":"Appalachian Flying Service"},{"Code":"APN","Description":"Aspen Airways Inc."},{"Code":"APQ","Description":"Alas De Transporte Int'l"},{"Code":"APS","Description":"Air Spirit Inc."},{"Code":"APY","Description":"Air Polynesia Inc."},{"Code":"AQ","Description":"Aloha Airlines Inc."},{"Code":"AQQ","Description":"Air Charter (Safa)"},{"Code":"AR","Description":"Aerolineas Argentinas"},{"Code":"ARA","Description":"Air Resorts Airlines"},{"Code":"ARB","Description":"Air Caribe International"},{"Code":"ARD","Description":"Airlift International"},{"Code":"ARI","Description":"Arizona Aero Corp."},{"Code":"ARM","Description":"Airmarc Airlines Inc."},{"Code":"ARN","Description":"Arnold Aviation"},{"Code":"ARO","Description":"Air Oregon"},{"Code":"ARP","Description":"Airspur Helicopters Inc."},{"Code":"ARQ","Description":"Aerovias Colombianas Arca"},{"Code":"ARR","Description":"Arrowhead Airways Inc."},{"Code":"ARS","Description":"Air Sedona"},{"Code":"ARZ","Description":"Arizona Airways"},{"Code":"AS","Description":"Alaska Airlines Inc."},{"Code":"ASC","Description":"Air South Inc."},{"Code":"ASD","Description":"Amistad Airlines"},{"Code":"ASH","Description":"Air South"},{"Code":"ASI","Description":"Alpine Air Services Inc."},{"Code":"ASN","Description":"Air Casino"},{"Code":"ASP","Description":"Asap Air Inc."},{"Code":"ASQ","Description":"Aerosur"},{"Code":"ASR","Description":"Astor Air"},{"Code":"AST","Description":"Astro Airways"},{"Code":"ASU","Description":"Air South (1)"},{"Code":"ASW","Description":"Sunrise Airlines Inc."},{"Code":"AT","Description":"Royal Air Maroc"},{"Code":"ATH","Description":"Air Southeast"},{"Code":"ATN","Description":"Air Atlantic Airlines Inc."},{"Code":"ATO","Description":"Pacific National Airways"},{"Code":"ATQ","Description":"Aero Tranportes Panamenos"},{"Code":"ATS","Description":"Atlantis Airlines Inc."},{"Code":"ATT","Description":"Aerotransit Inc."},{"Code":"ATX","Description":"Air Carolina"},{"Code":"AUQ","Description":"Antonov Design Bureau"},{"Code":"AUX","Description":"Austin Express Inc."},{"Code":"AV","Description":"Aerovias Nac'l De Colombia"},{"Code":"AVA","Description":"Air Vectors Airways"},{"Code":"AVC","Description":"Av Center Inc."},{"Code":"AVG","Description":"Airvantage"},{"Code":"AVI","Description":"Aero Virgin Islands Corp."},{"Code":"AVL","Description":"Aviation Sales"},{"Code":"AVQ","Description":"Aero Laguna S.A. De C.V."},{"Code":"AVR","Description":"Air Vermont Inc."},{"Code":"AVS","Description":"Aviation Services"},{"Code":"AVZ","Description":"Southern Jersey Airways"},{"Code":"AWA","Description":"Air West Airlines"},{"Code":"AWQ","Description":"Aermediterranea S.P.A."},{"Code":"AX","Description":"Trans States Airlines"},{"Code":"AXQ","Description":"Aeron Int'l Airlines Inc."},{"Code":"AY","Description":"Finnair Oy"},{"Code":"AYQ","Description":"Aerodan S.A. De C.V."},{"Code":"AZ","Description":"Alitalia-Linee Aeree Italia"},{"Code":"AZP","Description":"Arizona Pacific Airways"},{"Code":"AZQ","Description":"Anglo Airlines Ltd."},{"Code":"B4","Description":"Globespan Airways Limited d/b/a Flyglobespan"},{"Code":"B6","Description":"JetBlue Airways"},{"Code":"BA","Description":"British Airways Plc"},{"Code":"BAA","Description":"Aero International Airlines"},{"Code":"BAC","Description":"Business Aircraft Corp."},{"Code":"BAH","Description":"Brennan & Hargreaves Inc."},{"Code":"BAK","Description":"Bankair Inc."},{"Code":"BAN","Description":"Bangor International Air"},{"Code":"BAQ","Description":"Aero Rentas De Coahuila S.A. De C.V."},{"Code":"BAR","Description":"Bard-Air Corp."},{"Code":"BAT","Description":"West Penn Commuter"},{"Code":"BAY","Description":"Burlington Aeroplane Co."},{"Code":"BBQ","Description":"Balair Ag"},{"Code":"BCA","Description":"Baja Cortez Airlines"},{"Code":"BCQ","Description":"Bradley Air Services Ltd."},{"Code":"BD","Description":"British Midland Airways Ltd."},{"Code":"BDE","Description":"Jet Express"},{"Code":"BDQ","Description":"Aerotaxis De Aguascalientes S.A. De C.V."},{"Code":"BE","Description":"Braniff Int'l Airlines Inc."},{"Code":"BEA","Description":"Business Express Airlines"},{"Code":"BEN","Description":"Bennington Aviation Inc."},{"Code":"BEQ","Description":"Air Belgium"},{"Code":"BEY","Description":"Beyer Aviation"},{"Code":"BF","Description":"Markair Inc."},{"Code":"BFG","Description":"Million Air"},{"Code":"BFQ","Description":"Buffalo Airways Inc."},{"Code":"BG","Description":"Biman Bangladesh Airlines"},{"Code":"BGQ","Description":"Airbus Transport Internat'l"},{"Code":"BHK","Description":"Blackhawk Airways Inc."},{"Code":"BHO","Description":"Bighorn Airways Inc."},{"Code":"BHQ","Description":"Turks Air Ltd. (1)"},{"Code":"BIA","Description":"Big Island Air"},{"Code":"BIQ","Description":"Servicios Aeronauticos Z S.A. De C.V."},{"Code":"BIR","Description":"Birchwood Air Service"},{"Code":"BJQ","Description":"Taxirey S.A. De C.V."},{"Code":"BLQ","Description":"Air Bvi Limited"},{"Code":"BM","Description":"Belize Air Int'l Ltd."},{"Code":"BMT","Description":"Bremerton Aviation Inc."},{"Code":"BN","Description":"Britannia Airways GmbH"},{"Code":"BN (1)","Description":"Braniff Inc."},{"Code":"BNQ","Description":"Netjets Large Aircraft Company L.L.C."},{"Code":"BOA","Description":"Boise Air Service"},{"Code":"BOI","Description":"Bo-S-Aire Airlines Inc."},{"Code":"BOQ","Description":"Transp. Aereos Bolivianos"},{"Code":"BQ","Description":"Aeromar C. Por A."},{"Code":"BR","Description":"Eva Airways Corporation"},{"Code":"BR (1)","Description":"Cal Air Int'l Ltd."},{"Code":"BRK","Description":"Barken International"},{"Code":"BRO","Description":"Brower Airways Inc."},{"Code":"BRQ","Description":"Thomas Cook Airlines Uk Ltd."},{"Code":"BRW","Description":"Barrow Air"},{"Code":"BTQ","Description":"Brasair Transportes Aereos"},{"Code":"BUH","Description":"Business Helicopters"},{"Code":"BUQ","Description":"Wrangler Aviation Inc."},{"Code":"BUQ (1)","Description":"Blue Bell Inc."},{"Code":"BUR","Description":"Burlington Airways Inc."},{"Code":"BW","Description":"British West Indian Airways"},{"Code":"BXQ","Description":"Spantax S. A."},{"Code":"BY","Description":"Britannia Airways Ltd."},{"Code":"BYA","Description":"Bay Air"},{"Code":"BZQ","Description":"Abaco Air, Ltd."},{"Code":"C5","Description":"Commutair Aka Champlain Enterprises, Inc."},{"Code":"C6","Description":"Canjet Airlines"},{"Code":"C8","Description":"Chicago Express Airlines"},{"Code":"CA","Description":"Air China"},{"Code":"CAC","Description":"Coleman Air Transport"},{"Code":"CAF","Description":"California Seaboard"},{"Code":"CAI","Description":"Crawford Aviation Inc."},{"Code":"CAM","Description":"C & M Airlines"},{"Code":"CAP","Description":"Metro Air Northeast N Y"},{"Code":"CAQ","Description":"Challenge Air Luftverkehrs GmbH"},{"Code":"CAT","Description":"Catalina Airlines Inc."},{"Code":"CAV","Description":"Air Virginia"},{"Code":"CAZ","Description":"CAT Aviation"},{"Code":"CB","Description":"Air One Inc."},{"Code":"CBA","Description":"Carriba Air Inc."},{"Code":"CBQ","Description":"Copper River Air Taxi"},{"Code":"CC","Description":"Air Atlanta Icelandic"},{"Code":"CC (1)","Description":"Air Atlanta Inc."},{"Code":"CCA","Description":"Cityhop"},{"Code":"CCO","Description":"Chester County Aviation"},{"Code":"CDQ","Description":"Kitty Hawk International"},{"Code":"CEN","Description":"Cen-Tex Airlines Inc."},{"Code":"CEQ","Description":"All Canada Express"},{"Code":"CET","Description":"Century Airlines (Cal)"},{"Code":"CF","Description":"Compan. De Aviacion Faucett"},{"Code":"CGA","Description":"Chicago Airlines"},{"Code":"CGL","Description":"Viking Int'l Airlines Inc."},{"Code":"CGO","Description":"Chicago Air Taxi"},{"Code":"CH","Description":"Bemidji Airlines"},{"Code":"CHD","Description":"Chandler Flyer"},{"Code":"CHE","Description":"Charter Airlines"},{"Code":"CHF","Description":"Hammonds Commuter Air Serv."},{"Code":"CHI","Description":"Chitina Air Service"},{"Code":"CHL","Description":"Channel Flying Inc."},{"Code":"CHO","Description":"Choi Aviation Inc."},{"Code":"CHS","Description":"Christman Air System"},{"Code":"CHT","Description":"Charter One"},{"Code":"CI","Description":"China Airlines Ltd."},{"Code":"CIQ","Description":"A/S Conair"},{"Code":"CIS","Description":"Cal Sierra Airlines"},{"Code":"CJ","Description":"Colgan Airways Inc."},{"Code":"CK","Description":"China Cargo Airline"},{"Code":"CKI","Description":"Inlet Airlines"},{"Code":"CL","Description":"Capitol International Inc."},{"Code":"CLB","Description":"Columbia Pacific Airlines"},{"Code":"CLD","Description":"Hawaii Pacific Helicopters"},{"Code":"CLF","Description":"California Air Shuttle"},{"Code":"CLQ","Description":"Aero Transcolombiana"},{"Code":"CM","Description":"Compania Panamena (Copa)"},{"Code":"CMB","Description":"Combs Airways Inc."},{"Code":"CMD","Description":"Command Airways Inc."},{"Code":"CMQ","Description":"Servicio De Carga Aerea Sa"},{"Code":"CMR","Description":"Commuter Airlines (Ca)"},{"Code":"CNN","Description":"Centennial Airlines"},{"Code":"CO","Description":"Continental Air Lines Inc."},{"Code":"COB","Description":"Cotton Belt Aviation Inc."},{"Code":"COC","Description":"Cochise Airlines Inc."},{"Code":"COK","Description":"Coker Aviation Inc."},{"Code":"COL","Description":"Presidential Express"},{"Code":"COM","Description":"Commutair"},{"Code":"COR","Description":"Coral Air Inc."},{"Code":"COS","Description":"Cosmopolitan Comm. Airline"},{"Code":"COT","Description":"Southeastern Commuter"},{"Code":"COU","Description":"Courtesy Air Service Inc."},{"Code":"CP","Description":"Compass Airlines"},{"Code":"CP (1)","Description":"Canadian Airlines Int'l Ltd."},{"Code":"CPA","Description":"Capitol Air Lines"},{"Code":"CPC","Description":"Coastal Plains Commuter Inc."},{"Code":"CPQ","Description":"Capitol Air Express Inc."},{"Code":"CPT","Description":"Capitol Air"},{"Code":"CQI","Description":"Conquest Airline Corp."},{"Code":"CRA","Description":"Commuter Airlines"},{"Code":"CRB","Description":"Caribair"},{"Code":"CRE","Description":"Caribbean Express Inc."},{"Code":"CRH","Description":"Cresent Medivac"},{"Code":"CRN","Description":"Crown Aviaiton Inc."},{"Code":"CRO","Description":"Crown Airways Inc."},{"Code":"CRP","Description":"Corporate Air"},{"Code":"CRT","Description":"Crested Butte Air Service"},{"Code":"CS","Description":"Continental Micronesia"},{"Code":"CSA","Description":"Casino Airlines"},{"Code":"CSK","Description":"Catskill Airways Inc."},{"Code":"CSL","Description":"Central States Air Lines"},{"Code":"CSM","Description":"Chisum Flying Service"},{"Code":"CSN","Description":"Casino Airlines (1)"},{"Code":"CSQ","Description":"Celtic Tech Jet Ltd."},{"Code":"CTA","Description":"Century Airlines"},{"Code":"CTH","Description":"Cothron Aviation"},{"Code":"CTL","Description":"Coastal Air Transport"},{"Code":"CTQ","Description":"Custom Air Transport"},{"Code":"CTR","Description":"Chartair"},{"Code":"CUQ","Description":"Caicos Caribbean Airways"},{"Code":"CUS","Description":"Custom Air Service"},{"Code":"CV","Description":"Cargolux Airlines Int'l S.A"},{"Code":"CVA","Description":"Catalina-Vegas Airlines"},{"Code":"CVQ","Description":"Caraven S.A."},{"Code":"CW","Description":"Air Marshall Islands Inc."},{"Code":"CWQ","Description":"Canadian Aviation Express"},{"Code":"CX","Description":"Cathay Pacific Airways Ltd."},{"Code":"CYQ","Description":"Corse Air International"},{"Code":"CZ","Description":"China Southern Airlines"},{"Code":"CZ (1)","Description":"Cascade Airways Inc."},{"Code":"CZQ","Description":"Aviation Concepts"},{"Code":"DA","Description":"Dan Air Services"},{"Code":"DAN","Description":"Danbury Airlines"},{"Code":"DAU","Description":"Dauphin Island Airways"},{"Code":"DC","Description":"Caribbean Air Cargo Co Ltd."},{"Code":"DE","Description":"Condor Flugdienst"},{"Code":"DEA","Description":"Downeast Airlines Inc."},{"Code":"DEC","Description":"Decatur Aviation"},{"Code":"DFS","Description":"Downeast Flying Service"},{"Code":"DH","Description":"Independence Air"},{"Code":"DH (1)","Description":"Discovery Airways Inc."},{"Code":"DHL","Description":"DHL Airlines Inc."},{"Code":"DHQ","Description":"DHL Aero Expresso"},{"Code":"DIA","Description":"Drummond Island Air"},{"Code":"DIC","Description":"Dickman Aviation Services"},{"Code":"DIR","Description":"Northern Star"},{"Code":"DL","Description":"Delta Air Lines Inc."},{"Code":"DM","Description":"Maersk Air I/S"},{"Code":"DO","Description":"Compania Dominicana De Avia"},{"Code":"DOL","Description":"Dolphin Airways Inc."},{"Code":"DOQ","Description":"Aerolineas Dominicanas S A"},{"Code":"DPA","Description":"Desert Pacific Airways"},{"Code":"DPI","Description":"Desert Pacific Airlines Inc."},{"Code":"DQQ","Description":"Caribwest Airways Ltd."},{"Code":"DSA","Description":"Desert Sun Airlines"},{"Code":"DST","Description":"Desert Airlines"},{"Code":"DUL","Description":"Dulles Express"},{"Code":"DUZ","Description":"Summit Airlines Inc."},{"Code":"DVO","Description":"Devoe Airlines"},{"Code":"DWN","Description":"Dawn Air"},{"Code":"DXA","Description":"Dolphin Express"},{"Code":"E0","Description":"Eos Airlines, Inc."},{"Code":"E7","Description":"Estafeta Carga Aereas"},{"Code":"E72","Description":"European Aviation Air Charter"},{"Code":"E8","Description":"USAfrica Airways Inc."},{"Code":"E9","Description":"Boston-Maine Airways"},{"Code":"EA","Description":"Eastern Air Lines Inc."},{"Code":"EAI","Description":"Executive Aviation Inc."},{"Code":"EAQ","Description":"Executive Airlines, SL"},{"Code":"EAS","Description":"Eastern Caribbean Airways"},{"Code":"EAT","Description":"Eastman Airways Inc."},{"Code":"EBQ","Description":"Execaire Aviation Ltd."},{"Code":"ECA","Description":"Eagle Airlines (1)"},{"Code":"ECI","Description":"Eastern Carolina Aviation"},{"Code":"ECL","Description":"Eclipse Airlines"},{"Code":"ECQ","Description":"Trans American Charter"},{"Code":"ECR","Description":"East Coast Airways"},{"Code":"ED","Description":"Andes"},{"Code":"EDE","Description":"Ede Aire"},{"Code":"EET","Description":"Exec Express II"},{"Code":"EEX","Description":"Exec Express"},{"Code":"EEZ","Description":"Eagle Aviation Inc."},{"Code":"EFA","Description":"Executive Four Winds"},{"Code":"EFQ","Description":"Trans Europ. Airways France"},{"Code":"EGA","Description":"Eagle Airline"},{"Code":"EGJ","Description":"Eagle Jet Charter"},{"Code":"EGL","Description":"Eagle Commuter Airlines Inc."},{"Code":"EH","Description":"Saeta Airlines"},{"Code":"EHA","Description":"East Hampton Aire Inc."},{"Code":"EI","Description":"Aer Lingus Plc"},{"Code":"EIA","Description":"East. Indiana Aviation Sale"},{"Code":"EJQ","Description":"Aeroejecutivos C.A."},{"Code":"EK","Description":"Emirates"},{"Code":"EKA","Description":"Air Pacific Inc."},{"Code":"ELL","Description":"Ellis Air Taxi Inc."},{"Code":"EM","Description":"Empire Airlines Inc."},{"Code":"EMA","Description":"Emerald Airlines"},{"Code":"EME","Description":"Metro Express"},{"Code":"EMP","Description":"Empire Airlines Inc. (2)"},{"Code":"ENT","Description":"Enterprise Airlines Inc."},{"Code":"EOQ","Description":"Aeroservicios Ecuatorianos"},{"Code":"EP","Description":"All Star Airlines Inc."},{"Code":"ER","Description":"Astar Air Cargo Inc."},{"Code":"ERI","Description":"Erie Airways Inc."},{"Code":"ERO","Description":"Empire Aero Service"},{"Code":"ERQ","Description":"Aero Trades (Western) Ltd."},{"Code":"ESQ","Description":"Seagreen Air Transport"},{"Code":"ET","Description":"Ethiopian Airlines"},{"Code":"EU","Description":"Ecuatoriana De Aviacion"},{"Code":"EUQ","Description":"Air Atlanta Europe"},{"Code":"EV","Description":"Atlantic Southeast Airlines"},{"Code":"EVA","Description":"Evanston Aviation"},{"Code":"EWA","Description":"Rio Grande Air"},{"Code":"EXA","Description":"Columbia Pacific Airlines (1)"},{"Code":"EXC","Description":"Executive Charter"},{"Code":"EXP","Description":"Express Airlines II"},{"Code":"EXQ","Description":"Export Air Del Peru S.A."},{"Code":"EXR","Description":"Executive Transport"},{"Code":"EY","Description":"Etihad Airways"},{"Code":"EZ","Description":"Evergreen Int'l Inc."},{"Code":"F2","Description":"Omega Air Holdings d/b/a Focus Air"},{"Code":"F8","Description":"Freedom Airlines d/b/a HP Expr"},{"Code":"F9","Description":"Frontier Airlines Inc."},{"Code":"FAA","Description":"Falwell Aviation Inc."},{"Code":"FAC","Description":"Falcon Airways Inc."},{"Code":"FAQ","Description":"Fast Air Carrier Ltd. (1)"},{"Code":"FAR","Description":"Federal Armored Service Inc."},{"Code":"FB","Description":"Translift Airways Limited"},{"Code":"FBI","Description":"Young Flying Service"},{"Code":"FCA","Description":"Southern Airlines Inc."},{"Code":"FCQ","Description":"Falcon Air Express"},{"Code":"FD","Description":"Air Puerto Rico Airlines"},{"Code":"FDA","Description":"Florida Airlines Inc."},{"Code":"FDM","Description":"Freedom Airlines Inc."},{"Code":"FDQ","Description":"Great American Airways"},{"Code":"FE","Description":"Primaris Airlines Inc."},{"Code":"FF","Description":"Tower Air Inc."},{"Code":"FFQ","Description":"Five Star Airlines"},{"Code":"FH","Description":"Frontier Horizon Inc."},{"Code":"FI","Description":"Icelandair"},{"Code":"FJ","Description":"Air Pacific Ltd."},{"Code":"FJ (1)","Description":"Air Pacific Ltd. (1)"},{"Code":"FL","Description":"AirTran Airways Corporation"},{"Code":"FL (1)","Description":"Frontier Airlines Inc. (1)"},{"Code":"FLA","Description":"Florida Air"},{"Code":"FLM","Description":"Flamenco Airways Inc."},{"Code":"FLR","Description":"Flirite Inc."},{"Code":"FNQ","Description":"Fine Airlines Inc."},{"Code":"FOR","Description":"Ford-Aire Inc."},{"Code":"FOS","Description":"Foster Aviation"},{"Code":"FQ","Description":"Air Aruba"},{"Code":"FRA","Description":"Freedom Air"},{"Code":"FRS","Description":"Four Star Aviation"},{"Code":"FRT","Description":"Frontier Commuter"},{"Code":"FRW","Description":"Farwest Airlines"},{"Code":"FS","Description":"Serv De Trans Aereos Fuegui"},{"Code":"FSA","Description":"F.S. Air Service"},{"Code":"FT","Description":"Flying Tiger Line Inc."},{"Code":"FTI","Description":"Southern Airways"},{"Code":"FVA","Description":"Skycraft Inc."},{"Code":"FW","Description":"Skybus Inc."},{"Code":"FWA","Description":"Far West Airlines"},{"Code":"FX","Description":"Federal Express Corporation"},{"Code":"FYB","Description":"Flying Boat"},{"Code":"G3","Description":"Aerochago S.A."},{"Code":"G4","Description":"Allegiant Air"},{"Code":"G7","Description":"GoJet Airlines, LLC d/b/a United Express"},{"Code":"GA","Description":"P.T. Garuda Indonesian Arwy"},{"Code":"GAL","Description":"Galena Air Service"},{"Code":"GAQ","Description":"Galaxy Airlines Inc."},{"Code":"GAS","Description":"General Aviation Inc."},{"Code":"GAT","Description":"Gulf Air Taxi"},{"Code":"GAV","Description":"Gromer Aviation Inc."},{"Code":"GBA","Description":"Central States Airline"},{"Code":"GBQ","Description":"G5 Executive Ag"},{"Code":"GCA","Description":"Golden Carriage Aire"},{"Code":"GCH","Description":"Grand Canyon Helicopters"},{"Code":"GCQ","Description":"General Air Cargo"},{"Code":"GCS","Description":"Midway Commuter"},{"Code":"GD","Description":"Transp. Aereos Ejecutivos"},{"Code":"GDW","Description":"Golden West Airlines Inc."},{"Code":"GE","Description":"Lufthansa Cargo Airlines"},{"Code":"GF","Description":"Gulf Air Company"},{"Code":"GF (1)","Description":"Gulf Air Transport Inc."},{"Code":"GFC","Description":"Gulf Flite Center"},{"Code":"GFQ","Description":"Gulf And Caribbean Cargo"},{"Code":"GG","Description":"Cargo 360, Inc."},{"Code":"GG (1)","Description":"Tropical Airways Inc."},{"Code":"GG (2)","Description":"Grenada Airways Ltd."},{"Code":"GH","Description":"Ghana Airways Corporation"},{"Code":"GHA","Description":"Green Hills Aviation Ltd."},{"Code":"GIQ","Description":"Global Int'l Airways Corp."},{"Code":"GJ","Description":"Eurofly S.p.A"},{"Code":"GJ (1)","Description":"Mexicargo"},{"Code":"GKQ","Description":"Laker Airways"},{"Code":"GL","Description":"Miami Air International"},{"Code":"GLW","Description":"Golden West Airlines Co."},{"Code":"GM","Description":"Air America"},{"Code":"GMA","Description":"Green Mountain Airlines Ltd."},{"Code":"GOF","Description":"Copper State Airlines"},{"Code":"GPA","Description":"GP Express Airlines"},{"Code":"GQ","Description":"Big Sky Airlines Inc."},{"Code":"GR","Description":"Gemini Air Cargo Airways"},{"Code":"GRA","Description":"Gorda Aero Service"},{"Code":"GRD","Description":"Grand Canyon Airlines"},{"Code":"GRO","Description":"Isle Royale Seaplane Serv."},{"Code":"GS","Description":"Air Foyle Limited"},{"Code":"GSA","Description":"Golden Gate Airlines Inc."},{"Code":"GSC","Description":"GCS Air Service"},{"Code":"GSL","Description":"Golden South Airlines Inc."},{"Code":"GSQ","Description":"Global Supply System"},{"Code":"GST","Description":"Golden State Airlines"},{"Code":"GU","Description":"Aviateca"},{"Code":"GUL","Description":"Gull Air Inc."},{"Code":"GUN","Description":"Gunnel Aviation Inc."},{"Code":"GV","Description":"Grant Aviation"},{"Code":"GW","Description":"Central American Airlines"},{"Code":"GWA","Description":"Great Western Aviation"},{"Code":"GWE","Description":"Ross Aviation Inc."},{"Code":"GX","Description":"Air Ontario Limited"},{"Code":"GY","Description":"Guyana Airways Corporation"},{"Code":"H2","Description":"City Bird"},{"Code":"H5","Description":"Magadan Airlines"},{"Code":"H6","Description":"Hageland Aviation Service"},{"Code":"HA","Description":"Hawaiian Airlines Inc."},{"Code":"HAQ","Description":"Hapag Lloyd Flug."},{"Code":"HAR","Description":"Friendship Air Alaska"},{"Code":"HB","Description":"Homer Air"},{"Code":"HB (1)","Description":"Air Club International"},{"Code":"HBQ","Description":"Harris Air Services"},{"Code":"HCQ","Description":"Av Atlantic"},{"Code":"HEL","Description":"Helitrans"},{"Code":"HEP","Description":"Hub Express"},{"Code":"HER","Description":"Markair Express"},{"Code":"HET","Description":"Helitac Aviation"},{"Code":"HEU","Description":"Heussler Air Service Corp"},{"Code":"HFQ","Description":"Haiti Air Freight Intl"},{"Code":"HFS","Description":"Hensley Flying Service Inc."},{"Code":"HIQ","Description":"Business Flights Ltd."},{"Code":"HJ","Description":"Air Haiti S. A."},{"Code":"HK","Description":"Time Air Sweden Ab"},{"Code":"HLQ","Description":"Heavylift Cargo Airlines Lt"},{"Code":"HMZ","Description":"Long Island Airlines"},{"Code":"HNS","Description":"Haines Airways"},{"Code":"HOL","Description":"Holiday Airlines Inc."},{"Code":"HOQ","Description":"Holidair Airways"},{"Code":"HOR","Description":"Iowa Airlines"},{"Code":"HP","Description":"America West Airlines Inc. (Merged with US Airways 9/05. Stopped reporting 10/07.)"},{"Code":"HPZ","Description":"Pacific Coast Airlines"},{"Code":"HQ","Description":"Harmony Airways"},{"Code":"HQ (1)","Description":"Business Express"},{"Code":"HQQ","Description":"Harlequin Air Corporation"},{"Code":"HRA","Description":"Trans-National Airlines Haw"},{"Code":"HRG","Description":"Heritage Airlines"},{"Code":"HRQ","Description":"Tar Airlines"},{"Code":"HRZ","Description":"Allegheny Airlines"},{"Code":"HSV","Description":"Harbor Air Service"},{"Code":"HSZ","Description":"Scenic Airlines Inc."},{"Code":"HU","Description":"Hainan Airlines Company Limited"},{"Code":"HUB","Description":"Skystream Airlines"},{"Code":"HVQ","Description":"Transavia Holland B. V."},{"Code":"HWK","Description":"Hawking Corporation"},{"Code":"HX","Description":"Guy-America Airways Inc."},{"Code":"HY","Description":"Uzbekistan Airways"},{"Code":"HYA","Description":"Hyannis Aviation"},{"Code":"IA","Description":"Iraqi Airways"},{"Code":"IB","Description":"Iberia Air Lines Of Spain"},{"Code":"ICF","Description":"Iowa City Flying Service"},{"Code":"ICH","Description":"Island Air Charters"},{"Code":"ICQ","Description":"Iscargo Hf"},{"Code":"IDQ","Description":"Intl Air Service Co. Ltd."},{"Code":"IEX","Description":"Island Air Express"},{"Code":"IGA","Description":"Global Jet Austria, GmbH"},{"Code":"III","Description":"Idee Industries Inc."},{"Code":"IKQ","Description":"Tradewinds Airways Ltd."},{"Code":"IMP","Description":"Imperial Airlines Inc."},{"Code":"IN","Description":"Aerlinte Eireann Teoranta"},{"Code":"INA","Description":"Inland Empire Airlines Inc."},{"Code":"IND","Description":"Indiana Airways Inc. (Pa)"},{"Code":"INQ","Description":"Independent Air Inc."},{"Code":"IOW","Description":"Iowa Airways"},{"Code":"IPI","Description":"Indo-Pacific International"},{"Code":"IPQ","Description":"Aruba Cargo"},{"Code":"IPS","Description":"Island Express"},{"Code":"IR","Description":"Iran National Airlines Corp"},{"Code":"IRQ","Description":"Interstate Airlines Inc."},{"Code":"IS","Description":"Island Airlines Inc."},{"Code":"ISL","Description":"Island Airlines"},{"Code":"ITQ","Description":"Interamericana De Aviacion"},{"Code":"IW","Description":"Air Liberte Aka Aom Minerve"},{"Code":"IW (1)","Description":"Best Airlines Inc."},{"Code":"IXQ","Description":"Inair"},{"Code":"J5","Description":"Alaska Seaplane Service"},{"Code":"J6","Description":"Larrys Flying Service"},{"Code":"J7","Description":"Valujet Airlines Inc."},{"Code":"JAG","Description":"JetAlliance Flugbetriebs d/b/a JAF Airservice"},{"Code":"JAM","Description":"Sunbelt Airlines Inc."},{"Code":"JAQ","Description":"Jamaica Air Freighters"},{"Code":"JB","Description":"Helijet International Inc."},{"Code":"JCM","Description":"Air Chico"},{"Code":"JCQ","Description":"Jet Connection Businessflight Ag"},{"Code":"JCZ","Description":"Rocky Mountain Airways Inc."},{"Code":"JD","Description":"Japan Air System Co. Ltd."},{"Code":"JER","Description":"Jer-Don Air"},{"Code":"JF","Description":"L.A.B. Flying Service Inc."},{"Code":"JI","Description":"Jade Cargo International"},{"Code":"JI (1)","Description":"Midway Airlines Inc."},{"Code":"JIQ","Description":"Jet Fleet Intl. Airlines"},{"Code":"JJ","Description":"Transportes Aeros Meridiona"},{"Code":"JK","Description":"Spanair S.A."},{"Code":"JK (1)","Description":"Sunworld Int'l Airways Inc."},{"Code":"JKQ","Description":"Express One Int'l Inc."},{"Code":"JL","Description":"Japan Air Lines Co. Ltd."},{"Code":"JM","Description":"Air Jamaica Limited"},{"Code":"JMA","Description":"Jim Air Inc."},{"Code":"JN","Description":"Excel Airways"},{"Code":"JO","Description":"Jalways Co. Ltd."},{"Code":"JR","Description":"Aero California"},{"Code":"JTA","Description":"Jetaire Airlines Inc."},{"Code":"JU","Description":"Yugoslav Airlines"},{"Code":"JW","Description":"Arrow Air Inc."},{"Code":"JX","Description":"Southeast Airlines"},{"Code":"JX (1)","Description":"Jes Air Ltd."},{"Code":"JXQ","Description":"Allarco Developments Ltd."},{"Code":"JZ","Description":"Japan Air Charter Co. Ltd."},{"Code":"K3","Description":"Venture Travel LLC d/b/a Taquan Air Service"},{"Code":"K5","Description":"Wings Of Alaska"},{"Code":"K7","Description":"Arizona Express"},{"Code":"K8","Description":"Dutch Caribbean Airlines"},{"Code":"KA","Description":"Hong Kong Dragonair"},{"Code":"KAH","Description":"Kenmore Air Harbor"},{"Code":"KAI","Description":"Knight Airlines Inc."},{"Code":"KAQ","Description":"Kalitta Air LLC"},{"Code":"KAT","Description":"Katmai Air"},{"Code":"KB","Description":"Haiti Air"},{"Code":"KE","Description":"Korean Air Lines Co. Ltd."},{"Code":"KEA","Description":"Keene Airways"},{"Code":"KEE","Description":"Key Airlines"},{"Code":"KET","Description":"Ketchikan Air Service"},{"Code":"KFS","Description":"King Flying Service"},{"Code":"KI","Description":"Time Air Ltd."},{"Code":"KIN","Description":"Golden Pacific Airlines"},{"Code":"KKQ","Description":"Transmeridian Air Cargo Ltd."},{"Code":"KL","Description":"Klm Royal Dutch Airlines"},{"Code":"KLQ","Description":"Kalitta Charters II"},{"Code":"KM","Description":"Air Malta"},{"Code":"KN","Description":"Morris Air Corporation"},{"Code":"KO","Description":"Alaska Central Express"},{"Code":"KOD","Description":"Kodiak Airways Inc."},{"Code":"KP","Description":"Kiwi International"},{"Code":"KR","Description":"Kitty Hawk Aircargo"},{"Code":"KR (1)","Description":"Kar-Air Oy"},{"Code":"KS","Description":"Peninsula Airways Inc."},{"Code":"KTQ","Description":"Turks Air Ltd."},{"Code":"KU","Description":"Kuwait Airways Corp."},{"Code":"KW","Description":"Carnival Air Lines Inc."},{"Code":"KWQ","Description":"Kelowna Flightcraft Air Cha"},{"Code":"KWZ","Description":"Crown Air"},{"Code":"KX","Description":"Cayman Airways Limited"},{"Code":"KXZ","Description":"Chaparral Airlines Inc."},{"Code":"KZ","Description":"Nippon Cargo Airlines"},{"Code":"L2","Description":"Lynden Air Cargo Airlines"},{"Code":"L4","Description":"Lynx Aviation d/b/a Frontier Airlines"},{"Code":"LA","Description":"Lan-Chile Airlines"},{"Code":"LAA","Description":"La Skycab Airline"},{"Code":"LAH","Description":"La Helicopter"},{"Code":"LAN","Description":"Lancer Aviation Inc."},{"Code":"LAP","Description":"Lapsa"},{"Code":"LAR","Description":"Laredo Air"},{"Code":"LAS","Description":"Lake Union Air Service"},{"Code":"LAW","Description":"Lawrence Aviation"},{"Code":"LB","Description":"Lloyd Aereo Boliviano S. A."},{"Code":"LBQ","Description":"Millon Air Inc."},{"Code":"LC","Description":"Varig Logistica S/A"},{"Code":"LC (1)","Description":"Lineas Aereas Del Caribe"},{"Code":"LC (2)","Description":"Legend Airlines"},{"Code":"LCQ","Description":"Latcr"},{"Code":"LCT","Description":"Lake Coastal"},{"Code":"LEQ","Description":"Le Point Air"},{"Code":"LEX","Description":"L'Express"},{"Code":"LF","Description":"Jettrain Airlines"},{"Code":"LG","Description":"Luxair"},{"Code":"LGQ","Description":"Lineas Aereas Allegro"},{"Code":"LH","Description":"Lufthansa German Airlines"},{"Code":"LHA","Description":"Havasu Airlines"},{"Code":"LIQ","Description":"Liat (1974) Limited"},{"Code":"LKN","Description":"Loken Aviation"},{"Code":"LLA","Description":"Lakeland Aviation"},{"Code":"LNQ","Description":"Aerolineas Latinas"},{"Code":"LO","Description":"Polskie Linie Lotnicze"},{"Code":"LOQ","Description":"Lorair Ltd."},{"Code":"LOS","Description":"Aero Commuter"},{"Code":"LP","Description":"Lan Peru Airlines"},{"Code":"LP (1)","Description":"The Hawaii Express Inc."},{"Code":"LR","Description":"Lacsa"},{"Code":"LRQ","Description":"Air Liberte"},{"Code":"LSQ","Description":"Lineas Aereas Suramerican"},{"Code":"LSZ","Description":"Alaska Island Air Inc."},{"Code":"LT","Description":"Luftransport-Unternehmen"},{"Code":"LU","Description":"Air Atlantic Dominicana"},{"Code":"LUQ","Description":"Lineas Aereas La-Tur Sa"},{"Code":"LVA","Description":"Las Vegas Airlines"},{"Code":"LW","Description":"Pacific Wings Airlines"},{"Code":"LX","Description":"Swiss International Airlines"},{"Code":"LXQ","Description":"Translux Intl Airlines"},{"Code":"LY","Description":"El Al Israel Airlines Ltd."},{"Code":"LZ","Description":"Balkan Bulgarian Airlines"},{"Code":"LZQ","Description":"Leisure Int'l Airways Ltd."},{"Code":"M3","Description":"ABSA-Aerolinhas Brasileiras"},{"Code":"M6","Description":"Amerijet International"},{"Code":"M7","Description":"Aerotransportes Mas De Crga"},{"Code":"MA","Description":"Malev Hungarian Airlines"},{"Code":"MAA","Description":"Maui Airlines"},{"Code":"MAC","Description":"Mackey International Inc."},{"Code":"MAE","Description":"Mid-Atlantic Exp. Airlines"},{"Code":"MAG","Description":"Magum Airlines"},{"Code":"MAI","Description":"The Maui Commuter"},{"Code":"MAQ","Description":"Millardair Limited"},{"Code":"MAR","Description":"Marshall's Air Inc."},{"Code":"MAV","Description":"Maverick Airways"},{"Code":"MAX","Description":"Maxair Inc."},{"Code":"MB","Description":"Samoa Airlines Inc."},{"Code":"MC","Description":"Transtar Airlines Corp."},{"Code":"MCO","Description":"Mid Continental Airlines In"},{"Code":"MDC","Description":"Midcontinent Airlines"},{"Code":"MDU","Description":"Metro Airlines"},{"Code":"ME","Description":"Middle East Airlines S.A.L."},{"Code":"MEA","Description":"Manhattan Express"},{"Code":"MET","Description":"Metroplex Airlines"},{"Code":"MEX","Description":"Metro Express 11"},{"Code":"MG","Description":"Champion Air"},{"Code":"MGQ","Description":"Montana Austria Flugetrieb"},{"Code":"MH","Description":"Malaysian Airline System"},{"Code":"MHK","Description":"Mohawk Airlines"},{"Code":"MHO","Description":"Mahalo Air"},{"Code":"MIN","Description":"Minuteman Aviation Inc."},{"Code":"MIS","Description":"Midstate Airlines Inc."},{"Code":"MIY","Description":"Midway Aviation Inc."},{"Code":"MJ","Description":"Lapa-Lineas Aereas Privadas"},{"Code":"MKQ","Description":"Airmark Corporation"},{"Code":"ML","Description":"Aero Costa Rica"},{"Code":"ML (1)","Description":"Midway Airlines Inc. (1)"},{"Code":"MLL","Description":"Miller Air Transportersinc"},{"Code":"MLX","Description":"Merlin Express"},{"Code":"MM","Description":"Euro Atlantic Airways"},{"Code":"MM (1)","Description":"Sociedad Aeronautica De Med"},{"Code":"MMH","Description":"Ocean Airways Inc."},{"Code":"MNA","Description":"M & N Aviation"},{"Code":"MNZ","Description":"Cumberland Airlines"},{"Code":"MOQ","Description":"Morningstar Air Express"},{"Code":"MP","Description":"Martinair Holland N.V."},{"Code":"MPA","Description":"Mid Pacific Airlines Inc."},{"Code":"MPC","Description":"Mid Pacific Air Corp."},{"Code":"MQ","Description":"American Eagle Airlines Inc."},{"Code":"MRC","Description":"Marco Island Airways Inc."},{"Code":"MRQ","Description":"National Air Cargo Group, Inc.d/b/a Murray Air"},{"Code":"MRR","Description":"Merrimack Aviation Inc."},{"Code":"MS","Description":"Egyptair"},{"Code":"MST","Description":"Midwest Aviation"},{"Code":"MT","Description":"Flying Colours Airlines Ltd."},{"Code":"MTA","Description":"Arkansas Traveler Airline"},{"Code":"MTR","Description":"Metroflight Airlines"},{"Code":"MTV","Description":"Mst Aviation"},{"Code":"MTX","Description":"Mountain Air Express"},{"Code":"MU","Description":"China Eastern Airlines"},{"Code":"MU (1)","Description":"Mcclain Airlines Inc."},{"Code":"MUA","Description":"Manu'a Air Transport"},{"Code":"MUQ","Description":"Aerolineas Mundo"},{"Code":"MVA","Description":"Mississippi Valley Airlines"},{"Code":"MWA","Description":"Mountain West Airlines"},{"Code":"MX","Description":"Compania Mexicana De Aviaci"},{"Code":"MY","Description":"MAXjet"},{"Code":"MYQ","Description":"Lineas Aereas Mayas (Lamsa)"},{"Code":"MZ","Description":"P.N. Merpati Nusantara Air."},{"Code":"N5","Description":"Skagway Air Service"},{"Code":"N5 (1)","Description":"Nations Air Express Inc."},{"Code":"N6","Description":"Aero Continente"},{"Code":"N7","Description":"National Airlines"},{"Code":"NA","Description":"North American Airlines"},{"Code":"NAC","Description":"National Air Commuter Inc."},{"Code":"NAP","Description":"Npa Inc."},{"Code":"NAQ","Description":"Nationair"},{"Code":"NAS","Description":"Nasville Eagle"},{"Code":"NAT","Description":"National Air"},{"Code":"NB","Description":"Sterling Cargo"},{"Code":"NBQ","Description":"Sterling Airways A/S"},{"Code":"NC","Description":"Northern Air Cargo Inc."},{"Code":"NCA","Description":"National Commuter Airlines"},{"Code":"NCE","Description":"Northcoast Executive"},{"Code":"ND","Description":"Intair dba Intair"},{"Code":"NEB","Description":"New Born Wings Inc."},{"Code":"NEC","Description":"Nor East Commuter Airlines"},{"Code":"NEQ","Description":"North East Cargo Airlines"},{"Code":"NER","Description":"Northeast Express Regional (1)"},{"Code":"NET","Description":"Nacnet"},{"Code":"NEV","Description":"Nevada Airlines"},{"Code":"NEW","Description":"New England Airlines Inc."},{"Code":"NEX","Description":"Northeast Express Regional"},{"Code":"NFA","Description":"National Florida Airlines"},{"Code":"NFQ","Description":"North Cariboo Flying Serv."},{"Code":"NG","Description":"Lauda Air Luftfahrt Ag"},{"Code":"NGL","Description":"Northern Eagle Airways Inc."},{"Code":"NH","Description":"All Nippon Airways Co."},{"Code":"NHA","Description":"Newair Flight Inc."},{"Code":"NI","Description":"Lanica"},{"Code":"NI (1)","Description":"American Int'l Airways Inc."},{"Code":"NJ","Description":"Vanguard Airlines Inc."},{"Code":"NJA","Description":"N. J. Merrimack Airlines"},{"Code":"NJE","Description":"NetJets Transportes Aereos, S.A."},{"Code":"NK","Description":"Spirit Air Lines"},{"Code":"NKQ","Description":"Norcanair"},{"Code":"NLQ","Description":"Nolinor Aviation"},{"Code":"NN","Description":"Northward Airlines Ltd."},{"Code":"NOQ","Description":"Novair Airlines Ab"},{"Code":"NPA","Description":"North Pacific Airlines Inc."},{"Code":"NPT","Description":"E. J. A. Newport Inc."},{"Code":"NQ","Description":"Air Japan Co"},{"Code":"NRN","Description":"Northern Airlines Inc."},{"Code":"NSQ","Description":"North Coast Air Services"},{"Code":"NTH","Description":"Northaire"},{"Code":"NTQ","Description":"National Aviation Consult."},{"Code":"NUM","Description":"Lake State Airways"},{"Code":"NUQ","Description":"Air Niugini"},{"Code":"NVQ","Description":"Novair Int'l Airways Ltd."},{"Code":"NVX","Description":"Nevis Express"},{"Code":"NW","Description":"Northwest Airlines Inc."},{"Code":"NWQ","Description":"N. W. Territorial Airways"},{"Code":"NWS","Description":"Northwest Seaplanes"},{"Code":"NXQ","Description":"North Vancouver Air"},{"Code":"NY","Description":"New York Air Inc."},{"Code":"NYH","Description":"New York Helicopter Corp."},{"Code":"NZ","Description":"Air New Zealand"},{"Code":"OA","Description":"Olympic Airways"},{"Code":"OAK","Description":"Harbor Airlines Inc."},{"Code":"OB","Description":"Oasis Int'l Airlines S.A."},{"Code":"OC","Description":"Air California Inc."},{"Code":"OCR","Description":"Ocean Reef Airways Inc."},{"Code":"OD","Description":"Emerald Airlines Inc."},{"Code":"OD (1)","Description":"Aerocondor"},{"Code":"OE","Description":"Westair Airlines Inc."},{"Code":"OFF","Description":"Offshore Logistics"},{"Code":"OH","Description":"Comair Inc."},{"Code":"OHA","Description":"Omaha Aviation"},{"Code":"OHZ","Description":"Caribbean Air Services Inc."},{"Code":"OI","Description":"Prestige Airways"},{"Code":"OIZ","Description":"Corporate Air Inc."},{"Code":"OK","Description":"Czech Airlines"},{"Code":"OMH","Description":"Omniflight Helicopters"},{"Code":"OMI","Description":"Omniflight Airways"},{"Code":"OMK","Description":"Omak Aviation Airlines"},{"Code":"OMN","Description":"Omni Pacific Airline"},{"Code":"OMQ","Description":"Quassar De Mexico"},{"Code":"ON","Description":"Air Nauru"},{"Code":"ONQ","Description":"Nunasi-Central Airlines Ltd."},{"Code":"OO","Description":"Skywest Airlines Inc."},{"Code":"OOZ","Description":"Sun Aire Lines"},{"Code":"OP","Description":"Flying Boat Inc."},{"Code":"OP (1)","Description":"Air Panama Internacional"},{"Code":"OPQ","Description":"Orion Air"},{"Code":"OR","Description":"TUI Airlines Nederland B.V."},{"Code":"ORI","Description":"Orion Air Inc."},{"Code":"OS","Description":"Austrian Airlines"},{"Code":"OTT","Description":"Otter Air"},{"Code":"OV","Description":"Aeromaritime"},{"Code":"OW","Description":"Executive Airlines"},{"Code":"OWQ","Description":"Ontario Worldair Limited"},{"Code":"OWS","Description":"Air Kentucky Air Lines"},{"Code":"OZ","Description":"Asiana Airlines Inc."},{"Code":"OZ (1)","Description":"Ozark Air Lines Inc. (1)"},{"Code":"OZA","Description":"Ozark Air Lines Inc."},{"Code":"P9","Description":"Pro Air Inc."},{"Code":"PA","Description":"Florida Coastal Airlines"},{"Code":"PA (1)","Description":"Pan American World Airways (1)"},{"Code":"PA (2)","Description":"Pan American World Airways"},{"Code":"PAI","Description":"Permian Airways Inc."},{"Code":"PAQ","Description":"Patriot Airlines Inc."},{"Code":"PAT","Description":"Panorama Air Tours"},{"Code":"PBA","Description":"Provincetown Boston"},{"Code":"PBQ","Description":"Privatair"},{"Code":"PCA","Description":"Piasa Commuter Airlines"},{"Code":"PCL","Description":"Pacific Cal Air"},{"Code":"PCQ","Description":"Pace Airlines"},{"Code":"PCR","Description":"Pacair"},{"Code":"PD","Description":"Porter Airlines, Inc."},{"Code":"PD (1)","Description":"Pem-Air Limited"},{"Code":"PDA","Description":"Trans Southern Airways"},{"Code":"PDQ","Description":"Antigua Paradise Airways"},{"Code":"PE","Description":"Air Europe S.P.A."},{"Code":"PE (1)","Description":"People Express Airlines Inc."},{"Code":"PEA","Description":"Pearson Aircraft"},{"Code":"PEQ","Description":"Prince Edward Air"},{"Code":"PER","Description":"Air Pennsylvania"},{"Code":"PET","Description":"Petro Aviation Corp."},{"Code":"PFA","Description":"Pacificair"},{"Code":"PFQ","Description":"Asia Pacific"},{"Code":"PH","Description":"Polynesian Airlines Ltd."},{"Code":"PHL","Description":"Phillips Airlines"},{"Code":"PHR","Description":"Pinehurst Airlines Inc."},{"Code":"PHX","Description":"Phoenix Airlines"},{"Code":"PI","Description":"Piedmont Aviation Inc."},{"Code":"PIA","Description":"Pacific Island Airways"},{"Code":"PIQ","Description":"Pacific Int'l Airlines"},{"Code":"PK","Description":"Pakistan Int'l Airlines"},{"Code":"PKQ","Description":"Skyworld Airlines Inc."},{"Code":"PL","Description":"Aero Peru"},{"Code":"PLA","Description":"Planes Inc."},{"Code":"PLQ","Description":"Planet Airways"},{"Code":"PLZ","Description":"Polar Airways Inc."},{"Code":"PMA","Description":"Pacific Missionary Aviation"},{"Code":"PMT","Description":"Pilgrim Aviation & Airlines"},{"Code":"PN","Description":"Pan American Airways Corp."},{"Code":"PNM","Description":"Panama Aviation"},{"Code":"PNQ","Description":"Panagra Airways"},{"Code":"PNR","Description":"Pioneer Airways"},{"Code":"PNS","Description":"Pine State Airlines"},{"Code":"PO","Description":"Polar Air Cargo Airways"},{"Code":"POA","Description":"Potomac Air"},{"Code":"POC","Description":"Pocono Airlines Inc."},{"Code":"POL","Description":"Polar International"},{"Code":"POM","Description":"Pompano Airways"},{"Code":"PON","Description":"Ponderosa Aviation Inc."},{"Code":"POQ","Description":"Polyot Airlines"},{"Code":"PPQ","Description":"Propair"},{"Code":"PR","Description":"Philippine Airlines Inc."},{"Code":"PRA","Description":"Princeton Aviation Corp"},{"Code":"PRD","Description":"Paradise Island Airlines"},{"Code":"PRM","Description":"Prime Air Inc."},{"Code":"PRN","Description":"Puerto Rico Intl Airlines"},{"Code":"PRO","Description":"Sundance Airlines"},{"Code":"PRP","Description":"Propheter Aviation"},{"Code":"PRQ","Description":"Florida West Airlines Inc."},{"Code":"PRR","Description":"Pro Air Services"},{"Code":"PS","Description":"Pacific Southwest Airlines"},{"Code":"PSA","Description":"P.S. Air Freight Inc."},{"Code":"PT","Description":"Capital Cargo International"},{"Code":"PTQ","Description":"Flight International"},{"Code":"PU","Description":"Primeras Lineas Uruguays For International"},{"Code":"PUQ","Description":"Aeropuma"},{"Code":"PV","Description":"Eastern Provincial Airways"},{"Code":"PVA","Description":"Precision Valley Aviation"},{"Code":"PW","Description":"Pacific Western Airlines"},{"Code":"PY","Description":"Surinam Airways Limited"},{"Code":"PZ","Description":"Lineas Aereas Paraguayas"},{"Code":"Q2","Description":"Zambia Airways Corp."},{"Code":"Q4","Description":"Master Top Linhas Aereas, Ltda."},{"Code":"Q5","Description":"40-Mile Air"},{"Code":"Q7","Description":"Sobelair"},{"Code":"QB","Description":"Inter-Quebec (Intair)"},{"Code":"QD","Description":"Grand Airways Inc."},{"Code":"QF","Description":"Qantas Airways Ltd."},{"Code":"QG","Description":"Sky West Aviation Inc."},{"Code":"QH","Description":"Air Florida Inc."},{"Code":"QK","Description":"Air Canada Regional"},{"Code":"QN","Description":"Royal Air"},{"Code":"QO","Description":"Aeromexpress"},{"Code":"QOZ","Description":"Bar Harbor Airways"},{"Code":"QQ","Description":"Reno Air Inc."},{"Code":"QR","Description":"Qatar Airways (Q.C.S.C)"},{"Code":"QS","Description":"Northeastern Int'l Airways"},{"Code":"QT","Description":"Transportes Aereos Mercantiles Panamericanos S.A"},{"Code":"QTQ","Description":"Aer Turas Teoranta"},{"Code":"QWE","Description":"Qwest Commuter"},{"Code":"QX","Description":"Horizon Air"},{"Code":"RAL","Description":"Royal-Air Ltd."},{"Code":"RAN","Description":"Pan Am Express"},{"Code":"RAQ","Description":"Arista Int'l Airlines Inc."},{"Code":"RAY","Description":"Royale Airlines Inc."},{"Code":"RB","Description":"Syrian Arab Airlines"},{"Code":"RC","Description":"Republic Airlines Inc."},{"Code":"RCA","Description":"Mid-South Aviation Inc. (1)"},{"Code":"RD","Description":"Ryan International Airlines"},{"Code":"RD (1)","Description":"Airlift International Inc."},{"Code":"RDR","Description":"Rader Aviation"},{"Code":"RDW","Description":"Redwing Airways"},{"Code":"REA","Description":"Realwest Airlines"},{"Code":"RED","Description":"Aerosun Int'l Airlines Inc."},{"Code":"REQ","Description":"Renown Aviation"},{"Code":"RES","Description":"Resort Airlines Inc."},{"Code":"RG","Description":"Varig S. A."},{"Code":"RGQ","Description":"Regency Air"},{"Code":"RHA","Description":"Royal Hawaiian Airways Inc."},{"Code":"RIA","Description":"Trump Air"},{"Code":"RIC","Description":"Richardson Aviation"},{"Code":"RID","Description":"Indiana Airways Inc. (Reid"},{"Code":"RIO","Description":"Rio Airways Inc."},{"Code":"RIQ","Description":"Rich International Airways"},{"Code":"RIV","Description":"Riverside Air Service"},{"Code":"RJ","Description":"Alia-(The) Royal Jordanian"},{"Code":"RJS","Description":"Michigan Airways Inc."},{"Code":"RK","Description":"Air Afrique"},{"Code":"RL","Description":"UltrAir"},{"Code":"RL (1)","Description":"Aerolineas Nicaraguenses"},{"Code":"RLQ","Description":"Reliant Airlines"},{"Code":"RMH","Description":"Rocky Mountain Helicopters"},{"Code":"RMV","Description":"Ram Aviation"},{"Code":"RNQ","Description":"Mytravel Airways"},{"Code":"RO","Description":"Tarom Romanian Air Transpor"},{"Code":"ROA","Description":"Royal West Airways Inc."},{"Code":"ROE","Description":"Roederer Aviation Inc."},{"Code":"ROQ","Description":"Aero Uruguay (1)"},{"Code":"ROS","Description":"Great Western Airlines Inc."},{"Code":"ROY","Description":"Royal American Airways Inc."},{"Code":"RP","Description":"Chautauqua Airlines Inc."},{"Code":"RRT","Description":"Air Freight Express"},{"Code":"RSC","Description":"Resort Commuter"},{"Code":"RSQ","Description":"Aerotransportes Entre Rios"},{"Code":"RSV","Description":"Air-Serve"},{"Code":"RTQ","Description":"Aerotour Dominicano Cxa"},{"Code":"RV","Description":"Reeve Aleutian Airways Inc."},{"Code":"RVA","Description":"Reeves Air"},{"Code":"RW","Description":"Republic Airlines"},{"Code":"RWG","Description":"Air Rovers Inc."},{"Code":"RY","Description":"Redcoat Air Cargo Limited"},{"Code":"RZZ","Description":"Aeromech Inc."},{"Code":"S3","Description":"Santa Barbara Airlines, C.A"},{"Code":"S4","Description":"Sata Internacional"},{"Code":"S5","Description":"Shuttle America Corp."},{"Code":"S6","Description":"Star Air A/S"},{"Code":"S6 (1)","Description":"Mountain Bird/Salmon Air"},{"Code":"SA","Description":"South African Airways"},{"Code":"SAC","Description":"Sundorph Aeronautical Corp."},{"Code":"SAH","Description":"Sea Air Shuttle"},{"Code":"SAI","Description":"Seair Alaska Airlines Inc."},{"Code":"SAJ","Description":"Sajen Air Inc."},{"Code":"SAL","Description":"Sallee's Aviation"},{"Code":"SAM","Description":"Samoan Airlines Inc."},{"Code":"SAQ","Description":"Southern Air Transport Inc."},{"Code":"SAS","Description":"Air Cortez International"},{"Code":"SAX","Description":"Air Americana"},{"Code":"SBA","Description":"Saber Aviation Inc."},{"Code":"SBN","Description":"Suburban Airlines"},{"Code":"SBQ","Description":"Skyjet S.A."},{"Code":"SCN","Description":"Scott Aviation"},{"Code":"SCO","Description":"Seaco Airlines Inc."},{"Code":"SCT","Description":"Skyline Airlines"},{"Code":"SCY","Description":"South Coast Airways"},{"Code":"SDQ","Description":"St. Lucia Airways Limited"},{"Code":"SE","Description":"Das Air Cargo"},{"Code":"SEB","Description":"Seaborne Aviation"},{"Code":"SEG","Description":"Seagull Air Service"},{"Code":"SEM","Description":"Semo Aviation Inc."},{"Code":"SEP","Description":"Southern Express Airways"},{"Code":"SEQ","Description":"Sky Service F.B.O."},{"Code":"SER","Description":"Service Aviation Inc."},{"Code":"SFI","Description":"Stahmannfarms Inc."},{"Code":"SFO","Description":"Sfo Helicopter Airlines Inc."},{"Code":"SFQ","Description":"Pacific Int'l Airlines Inc."},{"Code":"SFQ (1)","Description":"Southern Frontier Air Trans"},{"Code":"SFS","Description":"Sierra Flite Service Inc."},{"Code":"SG","Description":"Jetsgo"},{"Code":"SH","Description":"Servicio Aereo De Honduras"},{"Code":"SHS","Description":"Shasta Air Inc."},{"Code":"SHV","Description":"Shavano Air Inc."},{"Code":"SI","Description":"Sierra Pacific Airlines"},{"Code":"SI (1)","Description":"Jet America Airlines Inc."},{"Code":"SIA","Description":"Silver State Airlines"},{"Code":"SIQ","Description":"Premiair"},{"Code":"SIQ (1)","Description":"Scanair"},{"Code":"SJA","Description":"San Juan Airlines Inc."},{"Code":"SJQ","Description":"Skycharter (Malton) Ltd."},{"Code":"SK","Description":"Scandinavian Airlines Sys."},{"Code":"SKI","Description":"Sunbird Inc."},{"Code":"SKJ","Description":"Sky-Jet"},{"Code":"SKL","Description":"Bas Airlines"},{"Code":"SKM","Description":"Scheduled Skyways"},{"Code":"SKS","Description":"Silver Kris Services Ltd."},{"Code":"SKT","Description":"Skytrain"},{"Code":"SLO","Description":"Slocum Air Inc."},{"Code":"SLQ","Description":"Sky King Inc."},{"Code":"SLR","Description":"Salair"},{"Code":"SLZ","Description":"Southeast Airlines Inc."},{"Code":"SM","Description":"Sunworld Int'l Airlines"},{"Code":"SMC","Description":"Stopher Mechanical Inc."},{"Code":"SMO","Description":"Samoa Aviation Inc."},{"Code":"SMQ","Description":"Serv. Aerolineas Mexicanas"},{"Code":"SN","Description":"Sabena Belgian World Air."},{"Code":"SNA","Description":"Aviation Associates"},{"Code":"SNB","Description":"Ccair"},{"Code":"SNC","Description":"Gelco Courier Services Inc."},{"Code":"SNE","Description":"Shawnee Airlines"},{"Code":"SNK","Description":"Spernak Airways Inc."},{"Code":"SNV","Description":"Sierra Nevada Airways"},{"Code":"SO","Description":"Swiss World Airways"},{"Code":"SOA","Description":"Mall Airways Inc."},{"Code":"SOE","Description":"Sky One Express"},{"Code":"SOL","Description":"Soonair Lines Inc."},{"Code":"SOP","Description":"South Pacific Island Airway"},{"Code":"SPF","Description":"Springfield Air Service"},{"Code":"SPG","Description":"Springdale Air"},{"Code":"SPH","Description":"Spirit Helicopter"},{"Code":"SPQ","Description":"Sun Pacific International"},{"Code":"SPR","Description":"Sportsman Flying Service"},{"Code":"SQ","Description":"Singapore Airlines Ltd."},{"Code":"SR","Description":"Swissair Transport Co. Ltd."},{"Code":"SRA","Description":"Star Aviation"},{"Code":"SRL","Description":"Sterling Air Service"},{"Code":"SSA","Description":"S. S. Airways Inc."},{"Code":"SSP","Description":"Southern Seaplane"},{"Code":"SSQ","Description":"Superior Airways Limited"},{"Code":"SSS","Description":"Sierra Express Inc."},{"Code":"SST","Description":"Seaplane Shuttle Transport"},{"Code":"ST","Description":"Belize Airways Limited"},{"Code":"STA","Description":"State Airlines Inc."},{"Code":"STF","Description":"Trans East International"},{"Code":"STG","Description":"Sedalia Marshall Boonvl Stg"},{"Code":"STQ","Description":"Skycraft Air Transport Inc."},{"Code":"STR","Description":"Star Aviation Corporation"},{"Code":"STW","Description":"Stateswest Airlines"},{"Code":"STZ","Description":"Air America Inc."},{"Code":"SU","Description":"Aeroflot Russian Airlines"},{"Code":"SUA","Description":"Sunshine Airlines"},{"Code":"SUI","Description":"Sun International Airways"},{"Code":"SUT","Description":"Sunbelt"},{"Code":"SUX","Description":"Sunair Express LLC"},{"Code":"SV","Description":"Saudi Arabian Airlines Corp"},{"Code":"SVL","Description":"Sun Valley Airlines"},{"Code":"SVW","Description":"Global Jet Luxembourg, Sa"},{"Code":"SWA","Description":"Sunwest Airlines"},{"Code":"SWT","Description":"Swift Aire Lines Inc."},{"Code":"SX","Description":"Skybus Airlines, Inc."},{"Code":"SX (1)","Description":"Aeroejecutivo S.A."},{"Code":"SXP","Description":"Sierra Expressway"},{"Code":"SY","Description":"Sun Country Airlines d/b/a Mn Airlines"},{"Code":"SYB","Description":"Skybus Express Airlines"},{"Code":"SYM","Description":"Skymaster"},{"Code":"SZQ","Description":"Aerolineas El Salvador S A"},{"Code":"T3","Description":"Tristar Airlines Inc."},{"Code":"T9","Description":"Transmeridian Airlines"},{"Code":"TA","Description":"Taca Int'l Airlines"},{"Code":"TAC","Description":"Air Colorado"},{"Code":"TAF","Description":"Tri Air Freight"},{"Code":"TAL","Description":"Tejas Airlines Inc."},{"Code":"TAQ","Description":"Taquan Air Service"},{"Code":"TAS","Description":"Yosemite Airlines Inc."},{"Code":"TAT","Description":"Talarik Creek Air Taxi"},{"Code":"TB","Description":"USAir Shuttle"},{"Code":"TBQ","Description":"Triair Bermuda Flt Operations"},{"Code":"TCA","Description":"Trans Catalina Airlines"},{"Code":"TCE","Description":"Oceanair Line"},{"Code":"TCI","Description":"Trans California Airlines"},{"Code":"TCL","Description":"Trans-Central Airlines Inc."},{"Code":"TCO","Description":"Trans-Colorado Airlines"},{"Code":"TCQ","Description":"Express.Net Airlines"},{"Code":"TDQ","Description":"Venexcargo"},{"Code":"TDQ (1)","Description":"Transcarga"},{"Code":"TEN","Description":"Tennessee Airways Inc."},{"Code":"TER","Description":"Terre Haute Air Commuter"},{"Code":"TFQ","Description":"Trans Int'l Airlines Inc."},{"Code":"TFZ","Description":"Tri-State Airlines Inc."},{"Code":"TG","Description":"Thai Airways Int'l Ltd."},{"Code":"TGO","Description":"Trans Air Cargo Inc."},{"Code":"TGQ","Description":"Tranps Aereos Guatemaltecos"},{"Code":"TH","Description":"Transmile Air Service"},{"Code":"THA","Description":"Tropical Helicopter Airways"},{"Code":"THO","Description":"Thorson Aviation"},{"Code":"THQ","Description":"T-Bird Air Inc."},{"Code":"TIA","Description":"Trans Air Inc."},{"Code":"TIE","Description":"Trans International Express"},{"Code":"TIQ","Description":"Tyrolean Jet Service"},{"Code":"TIS","Description":"Skyfreight"},{"Code":"TJ","Description":"Jet Charter Service Inc."},{"Code":"TK","Description":"Turk Hava Yollari A.O."},{"Code":"TKQ","Description":"Trans-Air-Link Corporation"},{"Code":"TLQ","Description":"Trans-Mediterranean Airways"},{"Code":"TMA","Description":"Trans Mo Airlines"},{"Code":"TN","Description":"Air Tahiti Nui"},{"Code":"TNQ","Description":"Emery Worldwide Airlines"},{"Code":"TNS","Description":"Transtate Aviation"},{"Code":"TP","Description":"Tap-Portuguese Airlines"},{"Code":"TPQ","Description":"Aerial Transit Company"},{"Code":"TQQ","Description":"Taca Peru"},{"Code":"TR","Description":"Transbrasil S.A."},{"Code":"TRI","Description":"Great Plains Airlines Inc."},{"Code":"TRO","Description":"Air Molakai"},{"Code":"TRP","Description":"Trans Pennsylvania Airlines"},{"Code":"TRQ","Description":"Blue Scandinavia Ab"},{"Code":"TRR","Description":"Territorial Airlines"},{"Code":"TS","Description":"Air Transat"},{"Code":"TSF","Description":"American Central Airlines"},{"Code":"TSI","Description":"Trans Sierra Airlines Inc."},{"Code":"TSQ","Description":"TPI International Airways"},{"Code":"TTM","Description":"The Time Machine"},{"Code":"TUL","Description":"Tulsair Beechcraft Inc."},{"Code":"TUR","Description":"Turner Aire"},{"Code":"TV","Description":"Haiti Trans Air"},{"Code":"TV (1)","Description":"Transamerica Airlines Inc."},{"Code":"TVL","Description":"Travelair"},{"Code":"TW","Description":"Trans World Airways LLC"},{"Code":"TWA","Description":"Trans Western Airlines Utah"},{"Code":"TWE","Description":"Trans World Express"},{"Code":"TX","Description":"Soc.Nouvelle Air Guadeloupe"},{"Code":"TX (1)","Description":"Transportes Aereos Nacional"},{"Code":"TXA","Description":"Texas National Airlines"},{"Code":"TXE","Description":"Trans Air (Hawaii)"},{"Code":"TXQ","Description":"British Caribbean Airways"},{"Code":"TXY","Description":"Texas Airways"},{"Code":"TYE","Description":"Temsco Airlines"},{"Code":"TZ","Description":"ATA Airlines d/b/a ATA"},{"Code":"TZQ","Description":"First Choice Airways"},{"Code":"U2","Description":"UFS Inc."},{"Code":"U5","Description":"USA 3000 Airlines"},{"Code":"U7","Description":"USA Jet Airlines Inc."},{"Code":"UA","Description":"United Air Lines Inc."},{"Code":"UAI","Description":"Universal Airways Inc."},{"Code":"UC","Description":"Ladeco"},{"Code":"UD","Description":"Fast Air Carrier Ltd."},{"Code":"UH","Description":"US Helicopter Corporation"},{"Code":"UMQ","Description":"Air Manila Inc."},{"Code":"UN","Description":"Transaero Airlines"},{"Code":"UNQ","Description":"Overseas National Airways"},{"Code":"UP","Description":"Bahamasair Holding Limited"},{"Code":"UR","Description":"Empire Airlines Inc. (1)"},{"Code":"URQ","Description":"Aero Uruguay"},{"Code":"US","Description":"US Airways Inc. (Merged with America West 9/05. Reporting for both starting 10/07.)"},{"Code":"USA","Description":"Air U.S."},{"Code":"UT","Description":"Union De Transports Aeriens"},{"Code":"UTQ","Description":"Universal Airlines Inc."},{"Code":"UX","Description":"Air Europa"},{"Code":"UX (1)","Description":"Air Illinois Inc."},{"Code":"UYQ","Description":"Aerolineas Uruguayas S.A."},{"Code":"V4","Description":"Vensecar International"},{"Code":"V5","Description":"J.D.Valenciana De Aviation"},{"Code":"V8","Description":"Iliamna Air Taxi"},{"Code":"V9","Description":"Eagle Airlines"},{"Code":"VA","Description":"Venezuelan Int'l Airways"},{"Code":"VAG","Description":"Vagabond Aviation Inc."},{"Code":"VAQ","Description":"Vacationair"},{"Code":"VAS","Description":"Valley Air Services"},{"Code":"VB","Description":"Pacific Express"},{"Code":"VC","Description":"Servicios Avensa"},{"Code":"VCQ","Description":"Victory Air Transport Inc."},{"Code":"VE","Description":"Aerovias Venezolanas-Avensa"},{"Code":"VER","Description":"Britt Airlines Inc."},{"Code":"VEZ","Description":"Valdez Airlines"},{"Code":"VH","Description":"Aeropostal Alas De Venezuel"},{"Code":"VI","Description":"Vieques Air Link Inc."},{"Code":"VIG","Description":"Viking Express"},{"Code":"VIN","Description":"Vale International Airlines"},{"Code":"VIQ","Description":"Volga-Dnepr Airlines"},{"Code":"VIQ (1)","Description":"Viscount Air Service Inc."},{"Code":"VIS","Description":"Virgin Islands Seaplane"},{"Code":"VK","Description":"Air Tungaru Corporation"},{"Code":"VL","Description":"Mid-South Aviation Inc."},{"Code":"VLA","Description":"Village Aviation"},{"Code":"VLY","Description":"Valley Airlines"},{"Code":"VOQ","Description":"Avalon Aviation Ltd."},{"Code":"VP","Description":"Viacao Aerea Sao Paulo"},{"Code":"VQ","Description":"Vintage Props & Jets Inc."},{"Code":"VR","Description":"Transportes Aereos De Cabo"},{"Code":"VS","Description":"Virgin Atlantic Airways"},{"Code":"VSA","Description":"VistaJet Luftfahrtunternehmen GmbH"},{"Code":"VV","Description":"Aerosvit Ukranian Airlines"},{"Code":"VV (1)","Description":"Challenge Air Transport Inc."},{"Code":"VV (2)","Description":"Challenge Air Int'l Inc."},{"Code":"VX","Description":"Virgin America"},{"Code":"VX (1)","Description":"Aces Airlines"},{"Code":"VY","Description":"Highland Express Airways"},{"Code":"W4","Description":"Mn Aviation, Inc."},{"Code":"W7","Description":"Western Pacific Airlines"},{"Code":"W8","Description":"Cargojet Airways Ltd."},{"Code":"W9","Description":"Eastwind Airlines Inc."},{"Code":"WA","Description":"Worldwide Airlines Services"},{"Code":"WA (1)","Description":"Western Air Lines Inc."},{"Code":"WAC","Description":"Air East Airlines"},{"Code":"WAI","Description":"Wise Airlines Inc."},{"Code":"WAP","Description":"Arrow Panama"},{"Code":"WAQ","Description":"Air Charter Systems (Acs)"},{"Code":"WAR","Description":"Waring Air"},{"Code":"WAW","Description":"Westward Airways Inc."},{"Code":"WC","Description":"Wien Air Alaska Inc."},{"Code":"WCA","Description":"Walker's International"},{"Code":"WCI","Description":"Mountainwest Airlines"},{"Code":"WD","Description":"Halisa Air"},{"Code":"WDQ","Description":"Wardair Canada Inc."},{"Code":"WE","Description":"Centurion Cargo Inc."},{"Code":"WEB","Description":"Southeast Alaska Airlines"},{"Code":"WEQ","Description":"Aero-Services-Corporate"},{"Code":"WES","Description":"Western Star Airlines Inc."},{"Code":"WET","Description":"Western Charter Inc."},{"Code":"WFS","Description":"Wheeler Airlines"},{"Code":"WFT","Description":"Westflight Aviation"},{"Code":"WG","Description":"Sunwing Airlines Inc."},{"Code":"WGL","Description":"Wrangell Air Service"},{"Code":"WGQ","Description":"Gateway Aviation Limited"},{"Code":"WI","Description":"Tradewinds Airlines"},{"Code":"WIA","Description":"Wisc Air"},{"Code":"WIL","Description":"Will's Air"},{"Code":"WIR","Description":"Williams Air Inc."},{"Code":"WL","Description":"World Air Network"},{"Code":"WLH","Description":"Welch Aviation"},{"Code":"WLQ","Description":"Worldwide Airlines Inc."},{"Code":"WM","Description":"Windward Islands Airways"},{"Code":"WMA","Description":"WRANGELL MOUNTAIN AIR INC."},{"Code":"WN","Description":"Southwest Airlines Co."},{"Code":"WNG","Description":"Wings Airways"},{"Code":"WNQ","Description":"Winair Inc."},{"Code":"WO","Description":"World Airways Inc."},{"Code":"WP","Description":"Island Air Hawaii"},{"Code":"WRA","Description":"Wra Inc."},{"Code":"WRD","Description":"Ward Air"},{"Code":"WRT","Description":"Wright Airlines Inc."},{"Code":"WS","Description":"Westjet"},{"Code":"WS (1)","Description":"Suncoast Airlines Inc."},{"Code":"WSK","Description":"AAR Western Skyways"},{"Code":"WST","Description":"West Isle Air"},{"Code":"WSU","Description":"Mission Air"},{"Code":"WT","Description":"Nigeria Airways Ltd."},{"Code":"WTA","Description":"Westates Airlines"},{"Code":"WV","Description":"Air South Inc. (1)"},{"Code":"WWI","Description":"Wings West Airlines"},{"Code":"WWQ","Description":"Worldways Canada Ltd."},{"Code":"X9","Description":"Omni Air Express"},{"Code":"XAA","Description":"Aero Union Corp"},{"Code":"XAB","Description":"Air Polynesia dba DHL Cargo"},{"Code":"XAC","Description":"Air Express Int'l Airlines"},{"Code":"XAE","Description":"Amerford Airways Inc."},{"Code":"XAF","Description":"Astro-Wing Airlines Inc."},{"Code":"XAG","Description":"Ball Brothers Inc."},{"Code":"XAH","Description":"Hawaii Pacific Air"},{"Code":"XAI","Description":"Burlington Northern Inc."},{"Code":"XAJ","Description":"Central American Int'l"},{"Code":"XAK","Description":"Century Airlines Inc."},{"Code":"XAM","Description":"Cohlmia Aviation"},{"Code":"XAO","Description":"Dallas Flight Center"},{"Code":"XAQ","Description":"Cam Air International Inc."},{"Code":"XAR","Description":"Jet Way Inc."},{"Code":"XAS","Description":"Klondike Air Inc."},{"Code":"XAT","Description":"Michigan Peninsula Airways"},{"Code":"XAU","Description":"Flight Line Inc."},{"Code":"XAY","Description":"Pat Air"},{"Code":"XAZ","Description":"Purolator Sky Courier Inc."},{"Code":"XBC","Description":"Jet East Inc."},{"Code":"XBF","Description":"WTC Airlines"},{"Code":"XBH","Description":"Profit Airlines Inc."},{"Code":"XBI","Description":"CF Air Freight"},{"Code":"XBJ","Description":"International Air Service"},{"Code":"XBM","Description":"Phh Air Inc."},{"Code":"XBP","Description":"Circle Airfreight Corp."},{"Code":"XBQ","Description":"Aeronaves De Puerto Rico"},{"Code":"XBR","Description":"Allstates Air Cargo Inc."},{"Code":"XBT","Description":"Pacific Alaska Airlines Inc."},{"Code":"XBV","Description":"Nal Inc."},{"Code":"XBX","Description":"Icb International Airlines"},{"Code":"XBZ","Description":"Air Natl Aircraft Sal & Ser"},{"Code":"XC","Description":"Air Caribbean (1)"},{"Code":"XCA","Description":"Hawkins And Powers Aviation"},{"Code":"XDA","Description":"Pacific Air Express Inc."},{"Code":"XDC","Description":"Hemisphere Air Charter"},{"Code":"XDD","Description":"Int'l Parcel Express Inc."},{"Code":"XDE","Description":"Air Train Inc."},{"Code":"XDF","Description":"Salair Inc."},{"Code":"XDH","Description":"Kitty Hawk Air Cargo"},{"Code":"XE","Description":"Expressjet Airlines Inc."},{"Code":"XF","Description":"Vladivostok Air"},{"Code":"XJ","Description":"Mesaba Airlines"},{"Code":"XK","Description":"Aerotal"},{"Code":"XL","Description":"Lan Ecuador"},{"Code":"XP","Description":"Casino Express"},{"Code":"XPA","Description":"Express Air/dba Sunrise"},{"Code":"XPQ","Description":"International Cargo Xpress"},{"Code":"XV","Description":"Presidential Airways Inc."},{"Code":"XY","Description":"Munz Northern Airlines Inc."},{"Code":"XYZ","Description":"Airpac Inc."},{"Code":"Y7","Description":"Flyjet Limited d/b/a Silverjet"},{"Code":"Y8","Description":"Yangtze River Express Airlines Company"},{"Code":"YAT","Description":"Friendship Airways, Inc. d/b/a Yellow Air Taxi"},{"Code":"YB","Description":"Trans Continental Airlines"},{"Code":"YBQ","Description":"Yellow Bird Air"},{"Code":"YM","Description":"Royal West Airlines"},{"Code":"YR","Description":"Scenic Airlines Inc. d/b/a Scenic Airlines"},{"Code":"YV","Description":"Mesa Airlines Inc."},{"Code":"YX","Description":"Midwest Airline, Inc."},{"Code":"Z3","Description":"PM Air, LLC"},{"Code":"Z3 (1)","Description":"Promech"},{"Code":"ZA","Description":"Accessair Holdings"},{"Code":"ZAQ","Description":"Zas Airline Of Egypt"},{"Code":"ZB","Description":"Monarch Airlines"},{"Code":"ZE","Description":"Lineas Aereas Azteca"},{"Code":"ZFZ","Description":"Mcphillips Flying Service"},{"Code":"ZIA","Description":"Air New Mexico"},{"Code":"ZK","Description":"Great Lakes Airlines"},{"Code":"ZKQ","Description":"Zantop International"},{"Code":"ZL","Description":"Affretair"},{"Code":"ZMZ","Description":"Winnipesaukee Aviation Inc."},{"Code":"ZN","Description":"Key Airlines Inc."},{"Code":"ZO","Description":"Florida Express Inc."},{"Code":"ZP","Description":"Air St. Thomas"},{"Code":"ZQ","Description":"Caribbean Sun Airlines"},{"Code":"ZS","Description":"Hispaniola Airways"},{"Code":"ZUQ","Description":"Zuliana De Aviacion"},{"Code":"ZV","Description":"Air Midwest Inc."},{"Code":"ZW","Description":"Air Wisconsin Airlines Corp"},{"Code":"ZX","Description":"Air Georgian"},{"Code":"ZX (1)","Description":"Airbc Ltd."},{"Code":"ZY","Description":"Atlantic Gulf Airlines"},{"Code":"ZYZ","Description":"Skyway Aviation Inc."}]